{
    "name": "FastIMU",
    "keywords": "IMU, mpu9250, i2c",
    "description": "IMU library with support for a few different IMU's",
    "license": "MIT",
    "repository": {
        "type": "git",
        "url": "https://github.com/LiquidCGS/FastIMU.git"
    },
    "version": "1.0.3",
    "export": {
        "exclude": [
            "datasheets",
            ".github/*",
			".git/*",
			"fast.png",
            "keywords.txt",
        ]
    },
    "frameworks": "arduino",
    "platforms": [
        "atmelavr",
        "teensy",
        "atmelmegaavr",
        "espressif32",
        "espressif8266",
        "ststm32"
    ]
}
